match,bet,prob,odds,value
Napoli vs Lecce,AWAY,0.53265274,10.5,5.59285377
Barcelona vs Sevilla,AWAY,0.5444257,10.02,5.455145514
Arsenal vs Everton,AWAY,0.54933757,9.0,4.944038130000001
