match,bet,prob,odds,value
Napoli vs Lecce,AWAY,0.53265274,10.5,5.59285377
Arsenal vs Everton,AWAY,0.54933757,9.0,4.944038130000001
Real Madrid vs Elche CF,AWAY,0.5572817,8.29,4.619865292999999
