match,bet,prob,odds,value
Marseille vs Auxerre,AWAY,0.2830155245423733,7.73,2.1877100047125455
Alavés vs Villarreal,HOME,0.4351875338424304,3.43,1.4926932410795364
Marseille vs Auxerre,DRAW,0.2822208253815457,4.87,1.3744154196081275
