match,bet,prob,odds,value
Marseille vs Auxerre,AWAY,0.2830155245423733,7.73,2.1877100047125455
Alavés vs Villarreal,HOME,0.4351875338424304,3.43,1.4926932410795364
Marseille vs Auxerre,DRAW,0.2822208253815457,4.87,1.3744154196081275
Alavés vs Villarreal,DRAW,0.3405761756179088,3.44,1.1715820441256064
Borussia Monchengladbach vs FC St. Pauli,DRAW,0.3184187953700877,3.4,1.0826239042582981
Torino vs Parma,HOME,0.4610298026570271,2.3,1.0603685461111623
Torino vs Parma,DRAW,0.3309545381343652,3.06,1.0127208866911575
