HomeTeam,AwayTeam,B365H,B365D,B365A,imp_home,imp_draw,imp_away,home_strength,away_strength,strength_diff,prob_home,prob_draw,prob_away
Brentford,Wolves,1.55,4.2,5.75,0.6451612903225806,0.23809523809523808,0.17391304347826086,0,0,0,0.5111751638733795,0.21749826615348397,0.27132656997313664
Portsmouth,Derby,2.15,3.2,3.4,0.46511627906976744,0.3125,0.29411764705882354,0,0,0,0.3913638732864154,0.2769618803598432,0.3316742463537418
Annecy,Troyes,2.7,3.1,2.4,0.37037037037037035,0.3225806451612903,0.4166666666666667,0,0,0,0.32305192235371266,0.3395166071962574,0.33743147045003036
Cremonese,Fiorentina,3.9,3.6,1.91,0.25641025641025644,0.2777777777777778,0.5235602094240838,0,0,0,0.28776995473424427,0.2690335964067107,0.44319644885904497
Vallecano,Levante,1.7,3.75,5.0,0.5882352941176471,0.26666666666666666,0.2,0,0,0,0.4794827920253816,0.3026229029576282,0.21789430501699053
Albacete,Las Palmas,2.57,3.3,2.57,0.38910505836575876,0.30303030303030304,0.38910505836575876,0,0,0,0.3477037958402532,0.3195234941226809,0.33277271003706643
